<?xml version="1.0" encoding="UTF-8" ?>
<!DOCTYPE configuration
  PUBLIC "-//mybatis.org//DTD Config 3.0//EN"
  "http://mybatis.org/dtd/mybatis-3-config.dtd">
<configuration>
  
  <typeAliases>
    <typeAlias type="com.dc.restaurants.vo.RestaurantsVo" alias="restaurantsVo"/>
  	<typeAlias type="com.dc.menus.vo.MenusVo" alias="menusVo"/>
  	<typeAlias type="com.dc.board.vo.BoardVo" alias="boardVo"/>
  	<typeAlias type="com.dc.members.vo.MemberVo" alias="memberVo"/>
  	<typeAlias type="com.dc.comments.vo.CommentVo" alias="commentVo"/>
  	<typeAlias type="com.dc.recommend.vo.RecommendVo" alias="recommendVo"/>
  	<typeAlias type="com.dc.board.vo.HitsVo" alias="hitsVo"/>
  	<typeAlias type="com.dc.review.vo.ReviewVo" alias="reviewVo"/>
  </typeAliases> 

</configuration>